{"cameraMode":{"drawMode":0,"name":"Shaded","section":"Shading Mode"},"sceneLighting":true,"audioPlay":false,"sceneViewState":{"m_AlwaysRefresh":false,"showFog":true,"showSkybox":true,"showFlares":true,"showImageEffects":true,"showParticleSystems":true,"showVisualEffectGraphs":true,"m_FxEnabled":true},"in2DMode":false,"pivot":{"x":233.29510498046876,"y":203.91650390625,"z":-373.4928283691406},"rotation":{"x":-0.02308860793709755,"y":-0.0021043075248599054,"z":-0.00005642202449962497,"w":0.9997241497039795},"size":81.39410400390625,"orthographic":false}