{"cameraMode":{"drawMode":0,"name":"Shaded","section":"Shading Mode"},"sceneLighting":true,"audioPlay":false,"sceneViewState":{"m_AlwaysRefresh":false,"showFog":true,"showSkybox":true,"showFlares":true,"showImageEffects":true,"showParticleSystems":true,"showVisualEffectGraphs":true,"m_FxEnabled":true},"in2DMode":false,"pivot":{"x":9.281220436096192,"y":39.06855392456055,"z":-11.368072509765625},"rotation":{"x":-0.00033976914710365236,"y":0.9993942379951477,"z":-0.03330174833536148,"w":-0.010193380527198315},"size":10.697859764099121,"orthographic":false}