{"cameraMode":{"drawMode":0,"name":"Shaded","section":"Shading Mode"},"sceneLighting":false,"audioPlay":false,"sceneViewState":{"m_AlwaysRefresh":false,"showFog":true,"showSkybox":false,"showFlares":true,"showImageEffects":true,"showParticleSystems":true,"showVisualEffectGraphs":true,"m_FxEnabled":true},"in2DMode":false,"pivot":{"x":-7.654552459716797,"y":7.205414295196533,"z":-0.32498741149902346},"rotation":{"x":-0.00033976914710365236,"y":0.9993942379951477,"z":-0.03330174833536148,"w":-0.010193380527198315},"size":4.169308662414551,"orthographic":false}