{"cameraMode":{"drawMode":0,"name":"Shaded","section":"Shading Mode"},"sceneLighting":false,"audioPlay":false,"sceneViewState":{"m_AlwaysRefresh":false,"showFog":true,"showSkybox":false,"showFlares":true,"showImageEffects":true,"showParticleSystems":true,"showVisualEffectGraphs":true,"m_FxEnabled":true},"in2DMode":false,"pivot":{"x":-2.9836843013763429,"y":13.416215896606446,"z":-0.8343372344970703},"rotation":{"x":-0.00033976914710365236,"y":0.9993942379951477,"z":-0.03330174833536148,"w":-0.010193380527198315},"size":7.586129188537598,"orthographic":false}