{"cameraMode":{"drawMode":0,"name":"Shaded","section":"Shading Mode"},"sceneLighting":false,"audioPlay":false,"sceneViewState":{"m_AlwaysRefresh":false,"showFog":true,"showSkybox":false,"showFlares":true,"showImageEffects":true,"showParticleSystems":true,"showVisualEffectGraphs":true,"m_FxEnabled":true},"in2DMode":false,"pivot":{"x":-1.381485939025879,"y":14.406829833984375,"z":-0.9332256317138672},"rotation":{"x":-0.00033976914710365236,"y":0.9993942379951477,"z":-0.03330174833536148,"w":-0.010193380527198315},"size":8.7098388671875,"orthographic":false}